Date,Flow
01/01/1990,6.4
02/01/1990,6.4
03/01/1990,6.4
04/01/1990,6.2
05/01/1990,6
06/01/1990,5.6
07/01/1990,5
08/01/1990,4.8
09/01/1990,4.6
10/01/1990,4.4
11/01/1990,4.7
12/01/1990,4.8
13/01/1990,5.7
14/01/1990,6.1
15/01/1990,6.6
16/01/1990,7.2
17/01/1990,8.7
18/01/1990,10
19/01/1990,10.2
20/01/1990,10.6
21/01/1990,10.3
22/01/1990,10.3
23/01/1990,12
24/01/1990,14.3
25/01/1990,14.4
26/01/1990,14.6
27/01/1990,14.7
28/01/1990,15.1
29/01/1990,17.7
30/01/1990,17.6
31/01/1990,18.1
01/02/1990,19.9
02/02/1990,20
03/02/1990,21
04/02/1990,21
05/02/1990,21
06/02/1990,22
07/02/1990,22
08/02/1990,22
09/02/1990,22
10/02/1990,21
11/02/1990,19.8
12/02/1990,19.1
13/02/1990,18.2
14/02/1990,17.3
15/02/1990,16.6
16/02/1990,15.7
17/02/1990,14.8
18/02/1990,14.2
19/02/1990,13.7
20/02/1990,13.6
21/02/1990,13.4
22/02/1990,12.9
23/02/1990,12.3
24/02/1990,11.8
25/02/1990,13.5
26/02/1990,15
27/02/1990,21
28/02/1990,22
01/03/1990,21
02/03/1990,20
03/03/1990,20
04/03/1990,20
05/03/1990,19.8
06/03/1990,19
07/03/1990,18.2
08/03/1990,17.4
09/03/1990,16.6
10/03/1990,15.9
11/03/1990,15.3
12/03/1990,14.6
13/03/1990,14
14/03/1990,13.5
15/03/1990,13.6
16/03/1990,14.4
17/03/1990,14.3
18/03/1990,13.8
19/03/1990,13.2
20/03/1990,12.8
21/03/1990,12.3
22/03/1990,11.7
23/03/1990,11.3
24/03/1990,10.8
25/03/1990,10.1
26/03/1990,9.5
27/03/1990,8.9
28/03/1990,8.2
29/03/1990,7.7
30/03/1990,7.2
31/03/1990,6.7
01/04/1990,6.4
02/04/1990,6.2
03/04/1990,7.1
04/04/1990,8
05/04/1990,8
06/04/1990,8.1
07/04/1990,8.5
08/04/1990,8.6
09/04/1990,8.2
10/04/1990,8.2
11/04/1990,8
12/04/1990,7.7
13/04/1990,7.4
14/04/1990,7.1
15/04/1990,6.7
16/04/1990,6.4
17/04/1990,6.1
18/04/1990,5.7
19/04/1990,5.3
20/04/1990,5
21/04/1990,4.7
22/04/1990,4.3
23/04/1990,4.1
24/04/1990,4
25/04/1990,3.8
26/04/1990,3.3
27/04/1990,3.1
28/04/1990,3
29/04/1990,2.8
30/04/1990,2.8
01/05/1990,2.6
02/05/1990,2.6
03/05/1990,2.5
04/05/1990,2.3
05/05/1990,2.2
06/05/1990,2.2
07/05/1990,2.1
08/05/1990,1.9
09/05/1990,1.9
10/05/1990,1.8
11/05/1990,1.9
12/05/1990,1.8
13/05/1990,1.7
14/05/1990,1.7
15/05/1990,1.7
16/05/1990,1.7
17/05/1990,1.7
18/05/1990,1.6
19/05/1990,1.6
20/05/1990,1.5
21/05/1990,1.3
22/05/1990,1.4
23/05/1990,1.4
24/05/1990,1.3
25/05/1990,1.3
26/05/1990,1.3
27/05/1990,1.3
28/05/1990,1.3
29/05/1990,1.2
30/05/1990,1.2
31/05/1990,1.2
01/06/1990,1.2
02/06/1990,1.2
03/06/1990,1.2
04/06/1990,1.1
05/06/1990,1.1
06/06/1990,1
07/06/1990,0.98
08/06/1990,0.91
09/06/1990,0.84
10/06/1990,0.8
11/06/1990,0.75
12/06/1990,0.74
13/06/1990,0.68
14/06/1990,0.59
15/06/1990,0.55
16/06/1990,0.52
17/06/1990,0.51
18/06/1990,0.48
19/06/1990,0.48
20/06/1990,0.46
21/06/1990,0.42
22/06/1990,0.41
23/06/1990,0.4
24/06/1990,0.4
25/06/1990,0.4
26/06/1990,0.38
27/06/1990,0.37
28/06/1990,0.39
29/06/1990,0.42
30/06/1990,0.42
01/07/1990,0.26
02/07/1990,0.24
03/07/1990,0.21
04/07/1990,0.21
05/07/1990,0.28
06/07/1990,0.36
07/07/1990,0.38
08/07/1990,0.38
09/07/1990,0.38
10/07/1990,0.38
11/07/1990,0.36
12/07/1990,0.34
13/07/1990,0.31
14/07/1990,0.29
15/07/1990,0.27
16/07/1990,0.27
17/07/1990,0.31
18/07/1990,0.32
19/07/1990,0.36
20/07/1990,0.61
21/07/1990,1.04
22/07/1990,1.04
23/07/1990,1.04
24/07/1990,1.04
25/07/1990,1
26/07/1990,0.44
27/07/1990,0.39
28/07/1990,0.38
29/07/1990,0.36
30/07/1990,0.35
31/07/1990,0.35
01/08/1990,0.45
02/08/1990,0.5
03/08/1990,0.48
04/08/1990,0.46
05/08/1990,0.46
06/08/1990,0.53
07/08/1990,0.7
08/08/1990,0.58
09/08/1990,0.44
10/08/1990,0.43
11/08/1990,0.64
12/08/1990,0.49
13/08/1990,0.46
14/08/1990,0.51
15/08/1990,0.54
16/08/1990,0.54
17/08/1990,0.5
18/08/1990,0.47
19/08/1990,0.46
20/08/1990,0.46
21/08/1990,0.46
22/08/1990,0.46
23/08/1990,0.46
24/08/1990,0.46
25/08/1990,0.46
26/08/1990,0.5
27/08/1990,0.52
28/08/1990,0.5
29/08/1990,0.5
30/08/1990,0.5
31/08/1990,0.49
01/09/1990,0.46
02/09/1990,0.46
03/09/1990,0.46
04/09/1990,0.42
05/09/1990,0.42
06/09/1990,0.4
07/09/1990,0.46
08/09/1990,0.5
09/09/1990,0.64
10/09/1990,1.04
11/09/1990,1.11
12/09/1990,1.18
13/09/1990,1.18
14/09/1990,1.24
15/09/1990,1.27
16/09/1990,1.34
17/09/1990,1.34
18/09/1990,1.34
19/09/1990,1.41
20/09/1990,1.88
21/09/1990,2.06
22/09/1990,4.24
23/09/1990,7.76
24/09/1990,8.16
25/09/1990,8.82
26/09/1990,9.76
27/09/1990,10.18
28/09/1990,10.51
29/09/1990,10.86
30/09/1990,11.04
01/10/1990,10.95
02/10/1990,10.62
03/10/1990,10.34
04/10/1990,10.03
05/10/1990,10.45
06/10/1990,10.75
07/10/1990,11.4
08/10/1990,12.35
09/10/1990,12.44
10/10/1990,12.44
11/10/1990,12.44
12/10/1990,12.14
13/10/1990,11.8
14/10/1990,11.31
15/10/1990,10.86
16/10/1990,10.52
17/10/1990,9.91
18/10/1990,9.38
19/10/1990,8.93
20/10/1990,8.38
21/10/1990,7.92
22/10/1990,7.54
23/10/1990,7.04
24/10/1990,6.89
25/10/1990,6.6
26/10/1990,6.38
27/10/1990,5.96
28/10/1990,5.75
29/10/1990,5.42
30/10/1990,5.18
31/10/1990,5.89
01/11/1990,7.16
02/11/1990,8.19
03/11/1990,8.41
04/11/1990,8.41
05/11/1990,8.41
06/11/1990,8.41
07/11/1990,8.21
08/11/1990,8.16
09/11/1990,7.98
10/11/1990,7.68
11/11/1990,7.37
12/11/1990,7.02
13/11/1990,6.82
14/11/1990,6.94
15/11/1990,7.84
16/11/1990,7.98
17/11/1990,11.05
18/11/1990,12.64
19/11/1990,12.23
20/11/1990,12.16
21/11/1990,12.16
22/11/1990,11.94
23/11/1990,11.66
24/11/1990,11.15
25/11/1990,10.82
26/11/1990,10.59
27/11/1990,10.32
28/11/1990,9.75
29/11/1990,9.32
30/11/1990,8.63
01/12/1990,8.09
02/12/1990,8.06
03/12/1990,8.24
04/12/1990,8.66
05/12/1990,8.38
06/12/1990,8.07
07/12/1990,8.16
08/12/1990,8.51
09/12/1990,8.91
10/12/1990,8.91
11/12/1990,8.81
12/12/1990,8.66
13/12/1990,8.57
14/12/1990,8.16
15/12/1990,8.04
16/12/1990,7.75
17/12/1990,7.49
18/12/1990,7.2
19/12/1990,6.92
20/12/1990,6.7
21/12/1990,6.17
22/12/1990,6.15
23/12/1990,5.6
24/12/1990,7.12
25/12/1990,8.53
26/12/1990,8.19
27/12/1990,9.33
28/12/1990,10.75
29/12/1990,10.69
30/12/1990,12.25
31/12/1990,12.06
01/01/1991,11.27
02/01/1991,11.04
03/01/1991,11.24
04/01/1991,11.41
05/01/1991,11.45
06/01/1991,11.87
07/01/1991,11.87
08/01/1991,11.68
09/01/1991,11.9
10/01/1991,13.21
11/01/1991,14.59
12/01/1991,14.36
13/01/1991,13.54
14/01/1991,12.84
15/01/1991,12.08
16/01/1991,11.56
17/01/1991,10.92
18/01/1991,10.1
19/01/1991,9.26
20/01/1991,8.59
21/01/1991,8.22
22/01/1991,8.06
23/01/1991,7.92
24/01/1991,7.48
25/01/1991,7
26/01/1991,6.65
27/01/1991,6.34
28/01/1991,5.85
29/01/1991,5.47
30/01/1991,5.16
31/01/1991,4.89
01/02/1991,4.57
02/02/1991,4.29
03/02/1991,4.21
04/02/1991,3.94
05/02/1991,3.82
06/02/1991,3.36
07/02/1991,2.9
08/02/1991,2.68
09/02/1991,2.48
10/02/1991,2.36
11/02/1991,2.36
12/02/1991,2.36
13/02/1991,2.36
14/02/1991,2.3
15/02/1991,2.24
16/02/1991,2.24
17/02/1991,2.24
18/02/1991,2.16
19/02/1991,2.12
20/02/1991,2.12
21/02/1991,2.26
22/02/1991,2.89
23/02/1991,4.16
24/02/1991,9.39
25/02/1991,11.38
26/02/1991,10.9
27/02/1991,9.68
28/02/1991,9.21
01/03/1991,8.68
02/03/1991,8.09
03/03/1991,7.41
04/03/1991,7
05/03/1991,6.63
06/03/1991,6.26
07/03/1991,5.73
08/03/1991,5.32
09/03/1991,5.17
10/03/1991,4.96
11/03/1991,4.82
12/03/1991,5.51
13/03/1991,6.26
14/03/1991,7.22
15/03/1991,9.33
16/03/1991,8.83
17/03/1991,8.52
18/03/1991,8.43
19/03/1991,9.35
20/03/1991,11.87
21/03/1991,13.36
22/03/1991,14.62
23/03/1991,15.12
24/03/1991,15.05
25/03/1991,14.65
26/03/1991,14.07
27/03/1991,13.61
28/03/1991,13.17
29/03/1991,12.73
30/03/1991,12.29
31/03/1991,11.86
01/04/1991,11.44
02/04/1991,11.02
03/04/1991,10.61
04/04/1991,10.2
05/04/1991,9.8
06/04/1991,9.4
07/04/1991,9.01
08/04/1991,8.63
09/04/1991,8.25
10/04/1991,7.88
11/04/1991,7.51
12/04/1991,7.15
13/04/1991,6.79
14/04/1991,6.44
15/04/1991,6.1
16/04/1991,5.77
17/04/1991,5.44
18/04/1991,5.12
19/04/1991,4.8
20/04/1991,4.49
21/04/1991,4.19
22/04/1991,3.9
23/04/1991,3.61
24/04/1991,3.33
25/04/1991,3.06
26/04/1991,2.85
27/04/1991,2.69
28/04/1991,2.69
29/04/1991,2.56
30/04/1991,2.75
01/05/1991,3.36
02/05/1991,5.47
03/05/1991,5.82
04/05/1991,6.99
05/05/1991,8.06
06/05/1991,8.14
07/05/1991,7.85
08/05/1991,7.62
09/05/1991,7.12
10/05/1991,6.49
11/05/1991,6.15
12/05/1991,5.97
13/05/1991,5.56
14/05/1991,5.24
15/05/1991,5.35
16/05/1991,6.24
17/05/1991,8.8
18/05/1991,8.65
19/05/1991,8.38
20/05/1991,8.16
21/05/1991,8.02
22/05/1991,7.93
23/05/1991,7.58
24/05/1991,7.05
25/05/1991,6.56
26/05/1991,6.22
27/05/1991,5.89
28/05/1991,5.56
29/05/1991,5.25
30/05/1991,4.8
31/05/1991,4.51
01/06/1991,4.26
02/06/1991,3.98
03/06/1991,3.78
04/06/1991,3.76
05/06/1991,3.94
06/06/1991,3.91
07/06/1991,3.54
08/06/1991,3.16
09/06/1991,3.04
10/06/1991,3.36
11/06/1991,3.8
12/06/1991,4.15
13/06/1991,4.29
14/06/1991,4.35
15/06/1991,4.39
16/06/1991,4.55
17/06/1991,4.55
18/06/1991,4.59
19/06/1991,5.55
20/06/1991,6.04
21/06/1991,6.09
22/06/1991,6.04
23/06/1991,5.99
24/06/1991,5.82
25/06/1991,5.7
26/06/1991,5.6
27/06/1991,5.6
28/06/1991,5.66
29/06/1991,6.22
30/06/1991,6.49
01/07/1991,6.62
02/07/1991,6.49
03/07/1991,6.49
04/07/1991,6.45
05/07/1991,5.89
06/07/1991,5.41
07/07/1991,5.05
08/07/1991,4.67
09/07/1991,4.25
10/07/1991,3.92
11/07/1991,3.75
12/07/1991,3.5
13/07/1991,3.17
14/07/1991,2.95
15/07/1991,2.79
16/07/1991,2.68
17/07/1991,2.52
18/07/1991,2.69
19/07/1991,2.69
20/07/1991,2.92
21/07/1991,3.19
22/07/1991,3.21
23/07/1991,3.09
24/07/1991,2.82
25/07/1991,2.62
26/07/1991,2.47
27/07/1991,2.29
28/07/1991,2.22
29/07/1991,2.12
30/07/1991,2.01
31/07/1991,2.01
01/08/1991,1.9
02/08/1991,1.9
03/08/1991,1.81
04/08/1991,1.9
05/08/1991,1.9
06/08/1991,1.89
07/08/1991,1.8
08/08/1991,1.8
09/08/1991,2.04
10/08/1991,2.45
11/08/1991,2.69
12/08/1991,2.69
13/08/1991,2.67
14/08/1991,2.51
15/08/1991,2.32
16/08/1991,2.18
17/08/1991,2.05
18/08/1991,2.01
19/08/1991,2.12
20/08/1991,2.26
21/08/1991,2.46
22/08/1991,2.52
23/08/1991,2.43
24/08/1991,2.34
25/08/1991,2.24
26/08/1991,2.24
27/08/1991,2.24
28/08/1991,2.35
29/08/1991,2.51
30/08/1991,2.36
31/08/1991,2.25
01/09/1991,2.21
02/09/1991,2.12
03/09/1991,2.04
04/09/1991,1.9
05/09/1991,1.9
06/09/1991,1.84
07/09/1991,1.8
08/09/1991,1.8
09/09/1991,1.8
10/09/1991,1.74
11/09/1991,1.7
12/09/1991,1.64
13/09/1991,1.53
14/09/1991,1.45
15/09/1991,1.38
16/09/1991,1.32
17/09/1991,1.26
18/09/1991,1.25
19/09/1991,0.98
20/09/1991,1.09
21/09/1991,1.15
22/09/1991,0.92
23/09/1991,1.03
24/09/1991,1.13
25/09/1991,1.18
26/09/1991,1.18
27/09/1991,1.43
28/09/1991,1.8
29/09/1991,1.99
30/09/1991,2.32
01/10/1991,2.52
02/10/1991,2.67
03/10/1991,2.69
04/10/1991,2.79
05/10/1991,2.7
06/10/1991,2.69
07/10/1991,2.69
08/10/1991,2.53
09/10/1991,2.48
10/10/1991,2.3
11/10/1991,2.24
12/10/1991,2.24
13/10/1991,2.17
14/10/1991,2.12
15/10/1991,2.12
16/10/1991,2.14
17/10/1991,2.24
18/10/1991,2.27
19/10/1991,2.58
20/10/1991,3
21/10/1991,3.25
22/10/1991,3.39
23/10/1991,3.39
24/10/1991,3.39
25/10/1991,3.37
26/10/1991,3.21
27/10/1991,3.21
28/10/1991,3.21
29/10/1991,3.21
30/10/1991,3.21
31/10/1991,3.21
01/11/1991,2.99
02/11/1991,2.91
03/11/1991,3.32
04/11/1991,3.79
05/11/1991,4.34
06/11/1991,4.35
07/11/1991,4.35
08/11/1991,4.35
09/11/1991,4.42
10/11/1991,4.43
11/11/1991,4.35
12/11/1991,4.78
13/11/1991,5.35
14/11/1991,6.26
15/11/1991,6.26
16/11/1991,6.1
17/11/1991,5.89
18/11/1991,5.59
19/11/1991,5.38
20/11/1991,5.27
21/11/1991,5.04
22/11/1991,4.76
23/11/1991,5.01
24/11/1991,5.36
25/11/1991,5.38
26/11/1991,5.22
27/11/1991,5.09
28/11/1991,4.89
29/11/1991,4.75
30/11/1991,4.58
01/12/1991,4.35
02/12/1991,4.3
03/12/1991,4.15
04/12/1991,3.96
05/12/1991,3.94
06/12/1991,3.76
07/12/1991,3.65
08/12/1991,3.52
09/12/1991,3.38
10/12/1991,3.12
11/12/1991,3.31
12/12/1991,3.15
13/12/1991,3.03
14/12/1991,3.33
15/12/1991,3.76
16/12/1991,3.58
17/12/1991,3.41
18/12/1991,4
19/12/1991,5.32
20/12/1991,5.83
21/12/1991,5.82
22/12/1991,5.53
23/12/1991,5.23
24/12/1991,4.92
25/12/1991,4.15
26/12/1991,4.55
27/12/1991,4.75
28/12/1991,4.59
29/12/1991,4.51
30/12/1991,4.43
31/12/1991,4.35
01/01/1992,4.25
02/01/1992,4.31
03/01/1992,6.12
04/01/1992,7.24
05/01/1992,6.61
06/01/1992,6.1
07/01/1992,6.03
08/01/1992,5.78
09/01/1992,6.38
10/01/1992,5.59
11/01/1992,5.95
12/01/1992,5.67
13/01/1992,5.12
14/01/1992,5.18
15/01/1992,4.71
16/01/1992,4.46
17/01/1992,3.6
18/01/1992,4.59
19/01/1992,4.09
20/01/1992,3.52
21/01/1992,3.27
22/01/1992,3.08
23/01/1992,2.9
24/01/1992,2.69
25/01/1992,2.55
26/01/1992,2.47
27/01/1992,2.36
28/01/1992,2.36
29/01/1992,2.36
30/01/1992,2.25
31/01/1992,2.22
01/02/1992,2.12
02/02/1992,1.94
03/02/1992,1.95
04/02/1992,1.97
05/02/1992,1.7
06/02/1992,1.62
07/02/1992,1.52
08/02/1992,1.6
09/02/1992,1.66
10/02/1992,1.61
11/02/1992,2.24
12/02/1992,2.06
13/02/1992,2.06
14/02/1992,3.25
15/02/1992,2.43
16/02/1992,2.17
17/02/1992,2.07
18/02/1992,2.1
19/02/1992,2.01
20/02/1992,1.92
21/02/1992,1.9
22/02/1992,1.82
23/02/1992,6.2
24/02/1992,7.72
25/02/1992,7.05
26/02/1992,6.46
27/02/1992,5.76
28/02/1992,5.83
29/02/1992,6.13
01/03/1992,5.88
02/03/1992,5.8
03/03/1992,8.79
04/03/1992,10.39
05/03/1992,9.88
06/03/1992,9.5
07/03/1992,9.43
08/03/1992,9.63
09/03/1992,9.56
10/03/1992,9.43
11/03/1992,9.43
12/03/1992,9.43
13/03/1992,10.25
14/03/1992,10.43
15/03/1992,9.58
16/03/1992,8.74
17/03/1992,8.18
18/03/1992,7.69
19/03/1992,8.07
20/03/1992,8.36
21/03/1992,8.33
22/03/1992,8.16
23/03/1992,8
24/03/1992,7.91
25/03/1992,7.51
26/03/1992,7.2
27/03/1992,6.95
28/03/1992,6.78
29/03/1992,6.46
30/03/1992,6.1
31/03/1992,5.84
01/04/1992,5.56
02/04/1992,5.38
03/04/1992,5.83
04/04/1992,6.91
05/04/1992,6.95
06/04/1992,6.95
07/04/1992,7.28
08/04/1992,9.14
09/04/1992,9.02
10/04/1992,8.26
11/04/1992,8.16
12/04/1992,8.39
13/04/1992,8.41
14/04/1992,8.99
15/04/1992,10.24
16/04/1992,10.49
17/04/1992,10.08
18/04/1992,10.57
19/04/1992,12.58
20/04/1992,13.31
21/04/1992,13.04
22/04/1992,12.68
23/04/1992,12.17
24/04/1992,11.66
25/04/1992,11.19
26/04/1992,11.52
27/04/1992,12.16
28/04/1992,14.38
29/04/1992,14.41
30/04/1992,14.21
01/05/1992,13.99
02/05/1992,13.3
03/05/1992,12.53
04/05/1992,11.85
05/05/1992,11.23
06/05/1992,10.47
07/05/1992,9.78
08/05/1992,9.08
09/05/1992,8.5
10/05/1992,7.85
11/05/1992,7.25
12/05/1992,6.66
13/05/1992,6.27
14/05/1992,6
15/05/1992,5.42
16/05/1992,5.03
17/05/1992,4.82
18/05/1992,4.33
19/05/1992,4.07
20/05/1992,3.83
21/05/1992,3.61
22/05/1992,3.35
23/05/1992,3.02
24/05/1992,2.86
25/05/1992,2.61
26/05/1992,2.28
27/05/1992,2.1
28/05/1992,1.93
29/05/1992,1.77
30/05/1992,1.67
31/05/1992,1.6
01/06/1992,1.59
02/06/1992,1.5
03/06/1992,1.41
04/06/1992,1.28
05/06/1992,1.24
06/06/1992,1.18
07/06/1992,1.15
08/06/1992,1.11
09/06/1992,1.04
10/06/1992,0.97
11/06/1992,0.94
12/06/1992,0.84
13/06/1992,0.81
14/06/1992,0.87
15/06/1992,0.85
16/06/1992,0.79
17/06/1992,0.73
18/06/1992,0.65
19/06/1992,0.61
20/06/1992,0.56
21/06/1992,0.54
22/06/1992,0.52
23/06/1992,0.5
24/06/1992,0.54
25/06/1992,0.54
26/06/1992,0.5
27/06/1992,0.45
28/06/1992,0.39
29/06/1992,0.37
30/06/1992,0.35
01/07/1992,0.31
02/07/1992,0.45
03/07/1992,0.46
04/07/1992,0.46
05/07/1992,0.46
06/07/1992,0.41
07/07/1992,0.38
08/07/1992,0.32
09/07/1992,0.24
10/07/1992,0.23
11/07/1992,0.21
12/07/1992,0.21
13/07/1992,0.19
14/07/1992,0.23
15/07/1992,0.25
16/07/1992,0.26
17/07/1992,0.26
18/07/1992,0.25
19/07/1992,0.26
20/07/1992,0.25
21/07/1992,0.24
22/07/1992,0.2
23/07/1992,0.17
24/07/1992,0.16
25/07/1992,0.15
26/07/1992,0.15
27/07/1992,0.14
28/07/1992,0.28
29/07/1992,0.52
30/07/1992,0.5
31/07/1992,0.57
01/08/1992,0.56
02/08/1992,0.5
03/08/1992,0.46
04/08/1992,0.43
05/08/1992,0.38
06/08/1992,0.34
07/08/1992,0.32
08/08/1992,0.31
09/08/1992,0.29
10/08/1992,0.29
11/08/1992,0.27
12/08/1992,0.26
13/08/1992,0.26
14/08/1992,0.26
15/08/1992,0.27
16/08/1992,0.32
17/08/1992,0.32
18/08/1992,0.26
19/08/1992,0.18
20/08/1992,0.29
21/08/1992,0.29
22/08/1992,0.29
23/08/1992,0.29
24/08/1992,0.28
25/08/1992,0.26
26/08/1992,0.26
27/08/1992,0.26
28/08/1992,0.26
29/08/1992,0.26
30/08/1992,0.26
31/08/1992,0.26
01/09/1992,0.32
02/09/1992,0.66
03/09/1992,1.1
04/09/1992,1.64
05/09/1992,1.89
06/09/1992,1.99
07/09/1992,1.84
08/09/1992,1.59
09/09/1992,1.44
10/09/1992,1.4
11/09/1992,1.38
12/09/1992,1.37
13/09/1992,1.37
14/09/1992,1.37
15/09/1992,1.32
16/09/1992,1.21
17/09/1992,1.11
18/09/1992,1.07
19/09/1992,1.04
20/09/1992,0.98
21/09/1992,0.97
22/09/1992,0.94
23/09/1992,0.91
24/09/1992,0.91
25/09/1992,0.91
26/09/1992,0.97
27/09/1992,0.97
28/09/1992,0.93
29/09/1992,0.91
30/09/1992,0.91
01/10/1992,0.86
02/10/1992,0.85
03/10/1992,0.82
04/10/1992,0.79
05/10/1992,0.79
06/10/1992,0.76
07/10/1992,0.72
08/10/1992,0.7
09/10/1992,0.75
10/10/1992,0.7
11/10/1992,0.66
12/10/1992,0.72
13/10/1992,0.73
14/10/1992,0.85
15/10/1992,1.16
16/10/1992,1.48
17/10/1992,2.19
18/10/1992,2.7
19/10/1992,2.92
20/10/1992,3.23
21/10/1992,3.53
22/10/1992,4.31
23/10/1992,6.36
24/10/1992,6.72
25/10/1992,6.67
26/10/1992,6.52
27/10/1992,6.49
28/10/1992,6.48
29/10/1992,6.26
30/10/1992,6.11
31/10/1992,5.85
01/11/1992,5.85
02/11/1992,8.07
03/11/1992,11.54
04/11/1992,11.96
05/11/1992,11.87
06/11/1992,11.92
07/11/1992,12.22
08/11/1992,11.97
09/11/1992,11.55
10/11/1992,11.18
11/11/1992,10.87
12/11/1992,10.78
13/11/1992,12.15
14/11/1992,12.16
15/11/1992,12.16
16/11/1992,12.16
17/11/1992,12.02
18/11/1992,11.51
19/11/1992,11.31
20/11/1992,11.37
21/11/1992,11.59
22/11/1992,11.52
23/11/1992,11.07
24/11/1992,10.69
25/11/1992,10.76
26/11/1992,11.86
27/11/1992,12.16
28/11/1992,12.16
29/11/1992,12.15
30/11/1992,11.87
01/12/1992,11.63
02/12/1992,11.55
03/12/1992,11.31
04/12/1992,11.25
05/12/1992,11.65
06/12/1992,11.4
07/12/1992,10.92
08/12/1992,10.44
09/12/1992,9.84
10/12/1992,9.28
11/12/1992,8.91
12/12/1992,8.72
13/12/1992,8.17
14/12/1992,7.7
15/12/1992,7.21
16/12/1992,7.12
17/12/1992,6.84
18/12/1992,6.55
19/12/1992,6.18
20/12/1992,6.22
21/12/1992,5.7
22/12/1992,5.28
23/12/1992,5.06
24/12/1992,4.83
25/12/1992,4.65
26/12/1992,4.4
27/12/1992,4.05
28/12/1992,3.8
29/12/1992,3.72
30/12/1992,3.43
31/12/1992,3.32
01/01/1993,3.21
02/01/1993,3.05
03/01/1993,2.84
04/01/1993,2.64
05/01/1993,2.4
06/01/1993,2.22
07/01/1993,2.16
08/01/1993,2.03
09/01/1993,1.99
10/01/1993,1.9
11/01/1993,2.11
12/01/1993,2.22
13/01/1993,2.14
14/01/1993,2.16
15/01/1993,2.23
16/01/1993,3.2
17/01/1993,3.46
18/01/1993,4.09
19/01/1993,4.19
20/01/1993,3.82
21/01/1993,3.84
22/01/1993,3.85
23/01/1993,3.75
24/01/1993,3.23
25/01/1993,3.32
26/01/1993,2.92
27/01/1993,2.79
28/01/1993,2.56
29/01/1993,2.4
30/01/1993,2.24
31/01/1993,2.14
01/02/1993,2.12
02/02/1993,2.03
03/02/1993,2.01
04/02/1993,2.07
05/02/1993,2.21
06/02/1993,2
07/02/1993,2.06
08/02/1993,2.01
09/02/1993,1.93
10/02/1993,1.9
11/02/1993,1.82
12/02/1993,1.8
13/02/1993,1.7
14/02/1993,1.66
15/02/1993,1.65
16/02/1993,1.6
17/02/1993,1.6
18/02/1993,1.55
19/02/1993,1.62
20/02/1993,1.54
21/02/1993,1.6
22/02/1993,1.6
23/02/1993,1.6
24/02/1993,1.6
25/02/1993,1.6
26/02/1993,1.53
27/02/1993,1.51
28/02/1993,1.51
01/03/1993,1.51
02/03/1993,1.51
03/03/1993,1.43
04/03/1993,1.42
05/03/1993,1.42
06/03/1993,1.42
07/03/1993,1.42
08/03/1993,1.39
09/03/1993,1.34
10/03/1993,1.34
11/03/1993,1.31
12/03/1993,1.34
13/03/1993,1.3
14/03/1993,1.38
15/03/1993,2.74
16/03/1993,6.75
17/03/1993,7.14
18/03/1993,6.95
19/03/1993,7.75
20/03/1993,7.34
21/03/1993,7.19
22/03/1993,7.19
23/03/1993,7.56
24/03/1993,7.88
25/03/1993,7.42
26/03/1993,6.95
27/03/1993,6.52
28/03/1993,6.11
29/03/1993,5.8
30/03/1993,5.45
31/03/1993,5.09
01/04/1993,4.96
02/04/1993,4.78
03/04/1993,4.68
04/04/1993,4.54
05/04/1993,4.35
06/04/1993,4.49
07/04/1993,5.96
08/04/1993,9.46
09/04/1993,8.97
10/04/1993,8.17
11/04/1993,7.72
12/04/1993,7.31
13/04/1993,6.98
14/04/1993,6.67
15/04/1993,6.34
16/04/1993,5.96
17/04/1993,5.82
18/04/1993,5.73
19/04/1993,5.61
20/04/1993,5.36
21/04/1993,4.94
22/04/1993,4.75
23/04/1993,4.75
24/04/1993,4.64
25/04/1993,4.46
26/04/1993,4.18
27/04/1993,3.84
28/04/1993,3.38
29/04/1993,3.2
30/04/1993,3.03
01/05/1993,2.92
02/05/1993,2.78
03/05/1993,2.59
04/05/1993,2.38
05/05/1993,2.32
06/05/1993,2.24
07/05/1993,2.21
08/05/1993,2.07
09/05/1993,1.87
10/05/1993,1.7
11/05/1993,1.6
12/05/1993,1.48
13/05/1993,1.42
14/05/1993,1.4
15/05/1993,1.32
16/05/1993,1.26
17/05/1993,1.23
18/05/1993,1.18
19/05/1993,1.17
20/05/1993,1.11
21/05/1993,1.1
22/05/1993,1.03
23/05/1993,0.97
24/05/1993,0.97
25/05/1993,0.97
26/05/1993,0.86
27/05/1993,0.79
28/05/1993,0.82
29/05/1993,0.79
30/05/1993,0.79
31/05/1993,0.79
01/06/1993,0.78
02/06/1993,0.73
03/06/1993,0.73
04/06/1993,0.76
05/06/1993,0.74
06/06/1993,0.68
07/06/1993,0.68
08/06/1993,0.68
09/06/1993,0.63
10/06/1993,0.59
11/06/1993,0.53
12/06/1993,0.5
13/06/1993,0.5
14/06/1993,0.5
15/06/1993,0.5
16/06/1993,0.5
17/06/1993,0.5
18/06/1993,0.5
19/06/1993,0.5
20/06/1993,0.53
21/06/1993,0.59
22/06/1993,0.73
23/06/1993,0.79
24/06/1993,0.79
25/06/1993,0.79
26/06/1993,0.79
27/06/1993,0.74
28/06/1993,0.71
29/06/1993,0.73
30/06/1993,0.77
01/07/1993,0.72
02/07/1993,0.68
03/07/1993,0.63
04/07/1993,0.62
05/07/1993,0.57
06/07/1993,0.53
07/07/1993,0.5
08/07/1993,0.46
09/07/1993,0.46
10/07/1993,0.44
11/07/1993,0.38
12/07/1993,0.38
13/07/1993,0.33
14/07/1993,0.32
15/07/1993,0.32
16/07/1993,0.32
17/07/1993,0.29
18/07/1993,0.27
19/07/1993,0.29
20/07/1993,0.29
21/07/1993,0.26
22/07/1993,0.31
23/07/1993,0.44
24/07/1993,0.61
25/07/1993,0.6
26/07/1993,0.63
27/07/1993,0.59
28/07/1993,0.58
29/07/1993,0.54
30/07/1993,0.49
31/07/1993,0.48
01/08/1993,0.6
02/08/1993,0.58
03/08/1993,0.48
04/08/1993,0.44
05/08/1993,0.43
06/08/1993,0.42
07/08/1993,0.4
08/08/1993,0.45
09/08/1993,0.55
10/08/1993,0.64
11/08/1993,0.77
12/08/1993,0.85
13/08/1993,0.95
14/08/1993,0.97
15/08/1993,0.97
16/08/1993,0.91
17/08/1993,0.84
18/08/1993,1.02
19/08/1993,0.77
20/08/1993,0.7
21/08/1993,0.65
22/08/1993,0.72
23/08/1993,0.81
24/08/1993,1.15
25/08/1993,1.71
26/08/1993,2.13
27/08/1993,2.56
28/08/1993,2.93
29/08/1993,3.14
30/08/1993,3.29
31/08/1993,3.39
01/09/1993,3.39
02/09/1993,3.4
03/09/1993,3.47
04/09/1993,3.39
05/09/1993,3.39
06/09/1993,3.25
07/09/1993,3.21
08/09/1993,3.1
09/09/1993,2.91
10/09/1993,2.85
11/09/1993,2.69
12/09/1993,2.61
13/09/1993,2.51
14/09/1993,2.36
15/09/1993,2.29
16/09/1993,2.21
17/09/1993,2.01
18/09/1993,1.9
19/09/1993,1.83
20/09/1993,1.8
21/09/1993,1.73
22/09/1993,1.7
23/09/1993,1.7
24/09/1993,1.66
25/09/1993,1.58
26/09/1993,1.49
27/09/1993,1.4
28/09/1993,1.3
29/09/1993,1.22
30/09/1993,1.11
01/10/1993,1.01
02/10/1993,0.95
03/10/1993,0.88
04/10/1993,0.88
05/10/1993,0.81
06/10/1993,0.79
07/10/1993,0.79
08/10/1993,0.79
09/10/1993,0.79
10/10/1993,0.86
11/10/1993,0.95
12/10/1993,1.1
13/10/1993,1.37
14/10/1993,1.7
15/10/1993,1.93
16/10/1993,2.05
17/10/1993,2.17
18/10/1993,2.32
19/10/1993,2.42
20/10/1993,2.52
21/10/1993,2.63
22/10/1993,2.94
23/10/1993,3.05
24/10/1993,3.21
25/10/1993,3.21
26/10/1993,3.21
27/10/1993,3.21
28/10/1993,3.21
29/10/1993,3.09
30/10/1993,2.92
31/10/1993,2.86
01/11/1993,2.86
02/11/1993,2.71
03/11/1993,2.6
04/11/1993,2.45
05/11/1993,2.36
06/11/1993,2.32
07/11/1993,2.24
08/11/1993,2.24
09/11/1993,2.15
10/11/1993,2.01
11/11/1993,2.01
12/11/1993,2.01
13/11/1993,2.01
14/11/1993,2.01
15/11/1993,2.09
16/11/1993,2.1
17/11/1993,2.12
18/11/1993,2.12
19/11/1993,2.06
20/11/1993,2.01
21/11/1993,1.96
22/11/1993,1.9
23/11/1993,1.9
24/11/1993,1.87
25/11/1993,1.8
26/11/1993,1.8
27/11/1993,1.8
28/11/1993,1.73
29/11/1993,1.7
30/11/1993,1.7
01/12/1993,1.69
02/12/1993,1.6
03/12/1993,1.6
04/12/1993,1.78
05/12/1993,4.17
06/12/1993,4.7
07/12/1993,4.87
08/12/1993,5.53
09/12/1993,6.04
10/12/1993,6.26
11/12/1993,6.19
12/12/1993,5.95
13/12/1993,5.69
14/12/1993,5.21
15/12/1993,5.03
16/12/1993,4.84
17/12/1993,4.8
18/12/1993,4.67
19/12/1993,5.39
20/12/1993,8.48
21/12/1993,8.46
22/12/1993,8.37
23/12/1993,8.41
24/12/1993,8.19
25/12/1993,7.81
26/12/1993,7.3
27/12/1993,6.7
28/12/1993,6.01
29/12/1993,5.93
30/12/1993,5.85
31/12/1993,5.7
01/01/1994,5.42
02/01/1994,5
03/01/1994,4.81
04/01/1994,4.43
05/01/1994,4.24
06/01/1994,4.02
07/01/1994,3.85
08/01/1994,4
09/01/1994,4.09
10/01/1994,4.07
11/01/1994,4.05
12/01/1994,3.96
13/01/1994,6
14/01/1994,10.18
15/01/1994,10.16
16/01/1994,9.52
17/01/1994,8.8
18/01/1994,8.21
19/01/1994,8.05
20/01/1994,8.25
21/01/1994,8.21
22/01/1994,7.84
23/01/1994,7.5
24/01/1994,7.02
25/01/1994,6.45
26/01/1994,5.9
27/01/1994,5.98
28/01/1994,5.37
29/01/1994,5.33
30/01/1994,5.6
31/01/1994,5.52
01/02/1994,5.14
02/02/1994,4.76
03/02/1994,4.5
04/02/1994,4.13
05/02/1994,3.78
06/02/1994,3.58
07/02/1994,3.37
08/02/1994,3.21
09/02/1994,3.08
10/02/1994,2.97
11/02/1994,2.82
12/02/1994,2.66
13/02/1994,2.51
14/02/1994,2.36
15/02/1994,2.36
16/02/1994,2.39
17/02/1994,2.36
18/02/1994,2.24
19/02/1994,2.18
20/02/1994,2.03
21/02/1994,1.93
22/02/1994,1.8
23/02/1994,1.64
24/02/1994,1.5
25/02/1994,1.41
26/02/1994,1.33
27/02/1994,1.26
28/02/1994,1.21
01/03/1994,1.15
02/03/1994,1.07
03/03/1994,1.04
04/03/1994,1.04
05/03/1994,1.01
06/03/1994,1.01
07/03/1994,0.99
08/03/1994,1.1
09/03/1994,8.96
10/03/1994,8.71
11/03/1994,6.9
12/03/1994,7.44
13/03/1994,7.54
14/03/1994,7.35
15/03/1994,7.31
16/03/1994,6.79
17/03/1994,6.75
18/03/1994,6.25
19/03/1994,5.74
20/03/1994,5.21
21/03/1994,4.83
22/03/1994,4.38
23/03/1994,4.28
24/03/1994,7.42
25/03/1994,8.41
26/03/1994,7.38
27/03/1994,6.43
28/03/1994,5.98
29/03/1994,5.82
30/03/1994,5.98
31/03/1994,6.43
01/04/1994,7.56
02/04/1994,9.16
03/04/1994,9.68
04/04/1994,9.92
05/04/1994,9.98
06/04/1994,10.63
07/04/1994,10.72
08/04/1994,10.65
09/04/1994,10.76
10/04/1994,10.6
11/04/1994,10.22
12/04/1994,9.93
13/04/1994,9.62
14/04/1994,10.19
15/04/1994,10.82
16/04/1994,10.75
17/04/1994,10.49
18/04/1994,10.35
19/04/1994,9.92
20/04/1994,9.42
21/04/1994,8.94
22/04/1994,8.3
23/04/1994,7.99
24/04/1994,7.75
25/04/1994,7.31
26/04/1994,7.04
27/04/1994,6.79
28/04/1994,6.46
29/04/1994,6.11
30/04/1994,6.04
01/05/1994,6.09
02/05/1994,5.99
03/05/1994,5.65
04/05/1994,5.37
05/05/1994,5.11
06/05/1994,4.87
07/05/1994,4.58
08/05/1994,4.24
09/05/1994,4.04
10/05/1994,3.9
11/05/1994,3.69
12/05/1994,3.44
13/05/1994,3.17
14/05/1994,2.92
15/05/1994,2.7
16/05/1994,2.26
17/05/1994,2.08
18/05/1994,2
19/05/1994,1.87
20/05/1994,1.78
21/05/1994,1.7
22/05/1994,1.64
23/05/1994,1.6
24/05/1994,1.6
25/05/1994,1.56
26/05/1994,1.44
27/05/1994,1.46
28/05/1994,1.42
29/05/1994,1.42
30/05/1994,1.42
31/05/1994,1.38
01/06/1994,1.42
02/06/1994,1.42
03/06/1994,1.42
04/06/1994,1.42
05/06/1994,1.47
06/06/1994,1.51
07/06/1994,1.51
08/06/1994,1.47
09/06/1994,1.42
10/06/1994,1.42
11/06/1994,1.38
12/06/1994,1.34
13/06/1994,1.31
14/06/1994,1.22
15/06/1994,1.2
16/06/1994,1.24
17/06/1994,1.18
18/06/1994,1.07
19/06/1994,0.97
20/06/1994,0.92
21/06/1994,0.88
22/06/1994,0.9
23/06/1994,0.93
24/06/1994,0.97
25/06/1994,0.95
26/06/1994,0.93
27/06/1994,1.03
28/06/1994,1.08
29/06/1994,1.11
30/06/1994,1.12
01/07/1994,1.14
02/07/1994,1.09
03/07/1994,1.01
04/07/1994,0.93
05/07/1994,0.81
06/07/1994,0.73
07/07/1994,0.67
08/07/1994,0.58
09/07/1994,0.5
10/07/1994,0.44
11/07/1994,0.4
12/07/1994,0.38
13/07/1994,0.36
14/07/1994,0.32
15/07/1994,0.3
16/07/1994,0.27
17/07/1994,0.26
18/07/1994,0.26
19/07/1994,0.26
20/07/1994,0.25
21/07/1994,0.24
22/07/1994,0.25
23/07/1994,0.24
24/07/1994,0.23
25/07/1994,0.21
26/07/1994,0.21
27/07/1994,0.19
28/07/1994,0.19
29/07/1994,0.19
30/07/1994,0.21
31/07/1994,0.21
01/08/1994,0.21
02/08/1994,0.21
03/08/1994,0.36
04/08/1994,0.39
05/08/1994,0.27
06/08/1994,0.26
07/08/1994,0.29
08/08/1994,0.29
09/08/1994,0.27
10/08/1994,0.26
11/08/1994,0.26
12/08/1994,0.22
13/08/1994,0.21
14/08/1994,0.21
15/08/1994,0.22
16/08/1994,0.36
17/08/1994,0.62
18/08/1994,0.54
19/08/1994,0.54
20/08/1994,0.54
21/08/1994,0.5
22/08/1994,0.32
23/08/1994,0.31
24/08/1994,0.29
25/08/1994,0.29
26/08/1994,0.29
27/08/1994,0.29
28/08/1994,0.27
29/08/1994,0.26
30/08/1994,0.26
31/08/1994,0.26
01/09/1994,0.26
02/09/1994,0.26
03/09/1994,0.26
04/09/1994,0.28
05/09/1994,0.31
06/09/1994,0.32
07/09/1994,0.32
08/09/1994,0.32
09/09/1994,0.35
10/09/1994,0.38
11/09/1994,0.41
12/09/1994,0.43
13/09/1994,0.46
14/09/1994,0.46
15/09/1994,0.55
16/09/1994,0.77
17/09/1994,0.85
18/09/1994,0.96
19/09/1994,1.03
20/09/1994,1.09
21/09/1994,1.11
22/09/1994,1.11
23/09/1994,1.15
24/09/1994,1.18
25/09/1994,1.18
26/09/1994,1.18
27/09/1994,1.18
28/09/1994,1.22
29/09/1994,1.26
30/09/1994,1.26
01/10/1994,1.29
02/10/1994,1.34
03/10/1994,1.42
04/10/1994,1.6
05/10/1994,1.74
06/10/1994,1.87
07/10/1994,2
08/10/1994,2.09
09/10/1994,2.28
10/10/1994,2.41
11/10/1994,2.52
12/10/1994,2.69
13/10/1994,2.69
14/10/1994,2.74
15/10/1994,2.89
16/10/1994,2.92
17/10/1994,2.86
18/10/1994,2.86
19/10/1994,2.86
20/10/1994,2.86
21/10/1994,2.76
22/10/1994,2.69
23/10/1994,2.59
24/10/1994,2.52
25/10/1994,2.52
26/10/1994,2.52
27/10/1994,2.52
28/10/1994,2.52
29/10/1994,2.52
30/10/1994,2.52
31/10/1994,2.52
01/11/1994,2.55
02/11/1994,2.73
03/11/1994,2.85
04/11/1994,2.86
05/11/1994,3.02
06/11/1994,3.03
07/11/1994,3.03
08/11/1994,3.03
09/11/1994,3.03
10/11/1994,3.03
11/11/1994,2.97
12/11/1994,2.86
13/11/1994,2.79
14/11/1994,2.69
15/11/1994,3.08
16/11/1994,3.51
17/11/1994,3.58
18/11/1994,3.58
19/11/1994,3.58
20/11/1994,3.58
21/11/1994,3.58
22/11/1994,3.47
23/11/1994,3.39
24/11/1994,3.42
25/11/1994,3.39
26/11/1994,3.38
27/11/1994,3.21
28/11/1994,3.1
29/11/1994,3.03
30/11/1994,3.02
01/12/1994,2.71
02/12/1994,2.69
03/12/1994,2.58
04/12/1994,2.52
05/12/1994,2.52
06/12/1994,2.52
07/12/1994,2.52
08/12/1994,2.52
09/12/1994,2.83
10/12/1994,3.61
11/12/1994,5.03
12/12/1994,5.6
13/12/1994,5.6
14/12/1994,5.7
15/12/1994,5.82
16/12/1994,5.82
17/12/1994,5.73
18/12/1994,5.6
19/12/1994,5.6
20/12/1994,5.6
21/12/1994,5.6
22/12/1994,5.38
23/12/1994,5.17
24/12/1994,5.09
25/12/1994,5.17
26/12/1994,5.17
27/12/1994,5.17
28/12/1994,5.17
29/12/1994,5.13
30/12/1994,6.5
31/12/1994,7.09
01/01/1995,7.36
02/01/1995,7.36
03/01/1995,6.62
04/01/1995,6.27
05/01/1995,6.26
06/01/1995,6.09
07/01/1995,5.64
08/01/1995,5.22
09/01/1995,4.99
10/01/1995,4.95
11/01/1995,4.71
12/01/1995,4.47
13/01/1995,4.16
14/01/1995,4.15
15/01/1995,4.25
16/01/1995,4.35
17/01/1995,4.36
18/01/1995,4.67
19/01/1995,4.75
20/01/1995,4.56
21/01/1995,4.35
22/01/1995,4.45
23/01/1995,4.55
24/01/1995,4.55
25/01/1995,4.35
26/01/1995,4.15
27/01/1995,4.01
28/01/1995,3.82
29/01/1995,3.64
30/01/1995,3.51
31/01/1995,3.34
01/02/1995,3.21
02/02/1995,3.31
03/02/1995,3.39
04/02/1995,3.63
05/02/1995,4.51
06/02/1995,5.21
07/02/1995,7.52
08/02/1995,6.88
09/02/1995,6.61
10/02/1995,6.28
11/02/1995,5.78
12/02/1995,5.4
13/02/1995,5.41
14/02/1995,6.16
15/02/1995,9.48
16/02/1995,12.68
17/02/1995,13.73
18/02/1995,14.3
19/02/1995,14.51
20/02/1995,15.22
21/02/1995,15.64
22/02/1995,15.24
23/02/1995,15.31
24/02/1995,15.25
25/02/1995,14.9
26/02/1995,14.32
27/02/1995,13.44
28/02/1995,12.9
01/03/1995,12.57
02/03/1995,12.31
03/03/1995,11.8
04/03/1995,11.21
05/03/1995,11.04
06/03/1995,10.74
07/03/1995,10.49
08/03/1995,10.49
09/03/1995,10.24
10/03/1995,9.82
11/03/1995,9.53
12/03/1995,9.23
13/03/1995,9.12
14/03/1995,9.17
15/03/1995,8.96
16/03/1995,8.6
17/03/1995,8.28
18/03/1995,9.97
19/03/1995,11.38
20/03/1995,11.59
21/03/1995,11.59
22/03/1995,11.59
23/03/1995,11.4
24/03/1995,11.18
25/03/1995,11.08
26/03/1995,11.04
27/03/1995,10.84
28/03/1995,10.09
29/03/1995,10.22
30/03/1995,9.76
31/03/1995,9.33
01/04/1995,9.7
02/04/1995,10.49
03/04/1995,10.4
04/04/1995,10.1
05/04/1995,9.79
06/04/1995,9.48
07/04/1995,9.43
08/04/1995,9.45
09/04/1995,9.69
10/04/1995,9.5
11/04/1995,9.25
12/04/1995,8.9
13/04/1995,8.52
14/04/1995,8.28
15/04/1995,8.16
16/04/1995,8.14
17/04/1995,7.93
18/04/1995,8.16
19/04/1995,9.72
20/04/1995,10.17
21/04/1995,12.59
22/04/1995,15.28
23/04/1995,15.42
24/04/1995,15.42
25/04/1995,15.34
26/04/1995,14.98
27/04/1995,14.4
28/04/1995,14.21
29/04/1995,14.3
30/04/1995,15.08
01/05/1995,17.45
02/05/1995,20.74
03/05/1995,22.36
04/05/1995,22.39
05/05/1995,21.2
06/05/1995,19.92
07/05/1995,19.13
08/05/1995,18.16
09/05/1995,17.09
10/05/1995,15.96
11/05/1995,15.03
12/05/1995,14.04
13/05/1995,13.04
14/05/1995,12.16
15/05/1995,12.63
16/05/1995,13.1
17/05/1995,13.31
18/05/1995,13.31
19/05/1995,13.31
20/05/1995,12.93
21/05/1995,12.35
22/05/1995,12.05
23/05/1995,11.65
24/05/1995,11
25/05/1995,10.3
26/05/1995,9.57
27/05/1995,8.99
28/05/1995,8.39
29/05/1995,7.77
30/05/1995,7.13
31/05/1995,6.69
01/06/1995,6.16
02/06/1995,5.71
03/06/1995,5.32
04/06/1995,4.61
05/06/1995,4.16
06/06/1995,3.86
07/06/1995,3.54
08/06/1995,3.32
09/06/1995,3.21
10/06/1995,3.07
11/06/1995,2.86
12/06/1995,2.81
13/06/1995,2.86
14/06/1995,2.86
15/06/1995,2.86
16/06/1995,2.82
17/06/1995,2.58
18/06/1995,2.52
19/06/1995,2.62
20/06/1995,2.4
21/06/1995,2.65
22/06/1995,2.74
23/06/1995,2.79
24/06/1995,2.71
25/06/1995,2.86
26/06/1995,2.86
27/06/1995,2.71
28/06/1995,2.69
29/06/1995,2.63
30/06/1995,2.42
01/07/1995,2.25
02/07/1995,2.15
03/07/1995,2.03
04/07/1995,1.98
05/07/1995,1.9
06/07/1995,1.84
07/07/1995,1.76
08/07/1995,1.67
09/07/1995,1.67
10/07/1995,1.64
11/07/1995,1.53
12/07/1995,1.49
13/07/1995,1.41
14/07/1995,1.33
15/07/1995,1.26
16/07/1995,1.2
17/07/1995,1.11
18/07/1995,1.22
19/07/1995,1.26
20/07/1995,1.3
21/07/1995,1.26
22/07/1995,1.23
23/07/1995,1.18
24/07/1995,1.17
25/07/1995,1.11
26/07/1995,1.1
27/07/1995,0.99
28/07/1995,0.88
29/07/1995,0.79
30/07/1995,0.73
31/07/1995,0.7
01/08/1995,0.64
02/08/1995,0.59
03/08/1995,0.53
04/08/1995,0.46
05/08/1995,0.43
06/08/1995,0.38
07/08/1995,0.33
08/08/1995,0.34
09/08/1995,0.31
10/08/1995,0.29
11/08/1995,0.27
12/08/1995,0.26
13/08/1995,0.23
14/08/1995,0.21
15/08/1995,0.2
16/08/1995,0.19
17/08/1995,0.2
18/08/1995,0.21
19/08/1995,0.21
20/08/1995,0.2
21/08/1995,0.19
22/08/1995,0.18
23/08/1995,0.17
24/08/1995,0.17
25/08/1995,0.17
26/08/1995,0.18
27/08/1995,0.19
28/08/1995,0.19
29/08/1995,0.19
30/08/1995,0.18
31/08/1995,0.19
01/09/1995,0.19
02/09/1995,0.19
03/09/1995,0.17
04/09/1995,0.18
05/09/1995,0.2
06/09/1995,0.23
07/09/1995,0.24
08/09/1995,0.24
09/09/1995,0.24
10/09/1995,0.24
11/09/1995,0.26
12/09/1995,0.26
13/09/1995,0.26
14/09/1995,0.26
15/09/1995,0.26
16/09/1995,0.26
17/09/1995,0.25
18/09/1995,0.24
19/09/1995,0.24
20/09/1995,0.24
21/09/1995,0.24
22/09/1995,0.24
23/09/1995,0.25
24/09/1995,0.24
25/09/1995,0.24
26/09/1995,0.2
27/09/1995,0.17
28/09/1995,0.16
29/09/1995,0.18
30/09/1995,0.46
01/10/1995,0.79
02/10/1995,1.03
03/10/1995,1.11
04/10/1995,1.16
05/10/1995,1.18
06/10/1995,1.26
07/10/1995,1.26
08/10/1995,1.26
09/10/1995,1.26
10/10/1995,1.26
11/10/1995,1.26
12/10/1995,1.22
13/10/1995,1.11
14/10/1995,1.1
15/10/1995,1.04
16/10/1995,1.02
17/10/1995,0.97
18/10/1995,0.95
19/10/1995,0.97
20/10/1995,0.97
21/10/1995,0.97
22/10/1995,0.95
23/10/1995,0.91
24/10/1995,0.91
25/10/1995,0.91
26/10/1995,0.85
27/10/1995,0.83
28/10/1995,0.81
29/10/1995,0.85
30/10/1995,0.81
31/10/1995,0.79
01/11/1995,0.77
02/11/1995,0.73
03/11/1995,0.7
04/11/1995,0.71
05/11/1995,0.69
06/11/1995,0.63
07/11/1995,0.63
08/11/1995,0.6
09/11/1995,0.58
10/11/1995,0.58
11/11/1995,0.6
12/11/1995,0.63
13/11/1995,0.63
14/11/1995,0.63
15/11/1995,0.63
16/11/1995,0.63
17/11/1995,0.68
18/11/1995,0.61
19/11/1995,0.58
20/11/1995,0.58
21/11/1995,0.57
22/11/1995,0.54
23/11/1995,0.56
24/11/1995,0.82
25/11/1995,1.66
26/11/1995,2.75
27/11/1995,3.58
28/11/1995,3.76
29/11/1995,3.76
30/11/1995,3.76
01/12/1995,3.73
02/12/1995,3.57
03/12/1995,3.35
04/12/1995,3.17
05/12/1995,2.96
06/12/1995,2.42
07/12/1995,2.06
08/12/1995,1.82
09/12/1995,1.7
10/12/1995,1.65
11/12/1995,1.6
12/12/1995,1.55
13/12/1995,1.51
14/12/1995,1.5
15/12/1995,1.42
16/12/1995,1.42
17/12/1995,1.36
18/12/1995,1.34
19/12/1995,1.34
20/12/1995,1.34
21/12/1995,1.3
22/12/1995,1.21
23/12/1995,1.14
24/12/1995,1.09
25/12/1995,1
26/12/1995,0.87
27/12/1995,0.76
28/12/1995,0.67
29/12/1995,0.63
30/12/1995,0.63
31/12/1995,0.59
01/01/1996,0.54
02/01/1996,0.5
03/01/1996,0.5
04/01/1996,0.48
05/01/1996,0.44
06/01/1996,0.39
07/01/1996,0.42
08/01/1996,0.42
09/01/1996,0.42
10/01/1996,0.42
11/01/1996,0.42
12/01/1996,0.42
13/01/1996,0.42
14/01/1996,0.43
15/01/1996,0.46
16/01/1996,0.46
17/01/1996,0.46
18/01/1996,0.4
19/01/1996,0.38
20/01/1996,0.38
21/01/1996,0.38
22/01/1996,0.38
23/01/1996,0.35
24/01/1996,0.35
25/01/1996,0.34
26/01/1996,0.32
27/01/1996,0.32
28/01/1996,0.29
29/01/1996,0.29
30/01/1996,0.29
31/01/1996,0.26
01/02/1996,0.24
02/02/1996,0.24
03/02/1996,0.24
04/02/1996,0.24
05/02/1996,0.24
06/02/1996,0.22
07/02/1996,0.23
08/02/1996,0.22
09/02/1996,0.21
10/02/1996,0.2
11/02/1996,0.21
12/02/1996,0.21
13/02/1996,0.21
14/02/1996,0.2
15/02/1996,0.19
16/02/1996,0.22
17/02/1996,0.22
18/02/1996,0.2
19/02/1996,0.2
20/02/1996,0.19
21/02/1996,0.19
22/02/1996,0.19
23/02/1996,0.19
24/02/1996,0.17
25/02/1996,0.17
26/02/1996,0.19
27/02/1996,0.21
28/02/1996,0.21
29/02/1996,0.2
01/03/1996,0.19
02/03/1996,0.2
03/03/1996,0.19
04/03/1996,0.18
05/03/1996,0.2
06/03/1996,0.19
07/03/1996,0.19
08/03/1996,0.2
09/03/1996,0.21
10/03/1996,0.21
11/03/1996,0.21
12/03/1996,0.21
13/03/1996,0.2
14/03/1996,0.2
15/03/1996,0.2
16/03/1996,0.19
17/03/1996,0.19
18/03/1996,0.19
19/03/1996,0.2
20/03/1996,0.19
21/03/1996,0.2
22/03/1996,0.2
23/03/1996,0.19
24/03/1996,0.2
25/03/1996,0.22
26/03/1996,0.22
27/03/1996,0.21
28/03/1996,0.29
29/03/1996,0.39
30/03/1996,0.38
31/03/1996,0.4
01/04/1996,0.38
02/04/1996,0.35
03/04/1996,0.38
04/04/1996,0.65
05/04/1996,1.56
06/04/1996,3.33
07/04/1996,5.49
08/04/1996,6.63
09/04/1996,7.34
10/04/1996,7.44
11/04/1996,6.44
12/04/1996,5.41
13/04/1996,4.85
14/04/1996,4.43
15/04/1996,3.93
16/04/1996,3.62
17/04/1996,3.44
18/04/1996,3.29
19/04/1996,3.21
20/04/1996,3.39
21/04/1996,3.64
22/04/1996,3.84
23/04/1996,4.07
24/04/1996,4.15
25/04/1996,4.43
26/04/1996,5.3
27/04/1996,6.07
28/04/1996,6.34
29/04/1996,6.49
30/04/1996,6.49
01/05/1996,6.34
02/05/1996,6.18
03/05/1996,6
04/05/1996,5.82
05/05/1996,7.12
06/05/1996,10.05
07/05/1996,10.49
08/05/1996,10.43
09/05/1996,10.07
10/05/1996,9.64
11/05/1996,9.25
12/05/1996,8.89
13/05/1996,8.34
14/05/1996,7.95
15/05/1996,7.99
16/05/1996,8.78
17/05/1996,8.91
18/05/1996,8.7
19/05/1996,8.34
20/05/1996,7.93
21/05/1996,7.6
22/05/1996,7.11
23/05/1996,6.71
24/05/1996,6.18
25/05/1996,6.04
26/05/1996,5.88
27/05/1996,5.63
28/05/1996,5.32
29/05/1996,5.04
30/05/1996,4.83
31/05/1996,4.39
01/06/1996,4.15
02/06/1996,3.91
03/06/1996,3.71
04/06/1996,3.35
05/06/1996,2.99
06/06/1996,2.56
07/06/1996,2.14
08/06/1996,1.9
09/06/1996,1.76
10/06/1996,1.65
11/06/1996,1.5
12/06/1996,1.48
13/06/1996,1.42
14/06/1996,1.42
15/06/1996,1.36
16/06/1996,1.34
17/06/1996,1.26
18/06/1996,1.26
19/06/1996,1.26
20/06/1996,1.26
21/06/1996,1.3
22/06/1996,1.36
23/06/1996,1.58
24/06/1996,1.7
25/06/1996,1.73
26/06/1996,1.78
27/06/1996,1.65
28/06/1996,1.51
29/06/1996,1.37
30/06/1996,1.26
01/07/1996,1.2
02/07/1996,1.23
03/07/1996,1.18
04/07/1996,1.18
05/07/1996,1.23
06/07/1996,1.28
07/07/1996,1.34
08/07/1996,1.29
09/07/1996,1.28
10/07/1996,1.91
11/07/1996,2.48
12/07/1996,2.8
13/07/1996,2.86
14/07/1996,2.86
15/07/1996,2.86
16/07/1996,2.86
17/07/1996,2.74
18/07/1996,2.69
19/07/1996,2.59
20/07/1996,2.52
21/07/1996,2.37
22/07/1996,2.27
23/07/1996,2.15
24/07/1996,2.08
25/07/1996,1.95
26/07/1996,1.79
27/07/1996,1.57
28/07/1996,1.47
29/07/1996,1.42
30/07/1996,1.4
31/07/1996,1.34
01/08/1996,1.28
02/08/1996,1.26
03/08/1996,1.21
04/08/1996,1.18
05/08/1996,1.14
06/08/1996,1.11
07/08/1996,1.05
08/08/1996,1.01
09/08/1996,0.97
10/08/1996,0.91
11/08/1996,0.86
12/08/1996,0.79
13/08/1996,0.7
14/08/1996,0.66
15/08/1996,0.59
16/08/1996,0.57
17/08/1996,0.53
18/08/1996,0.5
19/08/1996,0.46
20/08/1996,0.43
21/08/1996,0.39
22/08/1996,0.36
23/08/1996,0.33
24/08/1996,0.31
25/08/1996,0.29
26/08/1996,0.27
27/08/1996,0.26
28/08/1996,0.25
29/08/1996,0.25
30/08/1996,0.25
31/08/1996,0.26
01/09/1996,0.27
02/09/1996,0.27
03/09/1996,0.26
04/09/1996,0.24
05/09/1996,0.23
06/09/1996,0.23
07/09/1996,0.23
08/09/1996,0.23
09/09/1996,0.22
10/09/1996,0.21
11/09/1996,0.2
12/09/1996,0.2
13/09/1996,0.22
14/09/1996,0.23
15/09/1996,0.23
16/09/1996,0.24
17/09/1996,0.24
18/09/1996,0.24
19/09/1996,0.23
20/09/1996,0.22
21/09/1996,0.22
22/09/1996,0.22
23/09/1996,0.22
24/09/1996,0.21
25/09/1996,0.2
26/09/1996,0.2
27/09/1996,0.2
28/09/1996,0.19
29/09/1996,0.19
30/09/1996,0.21
01/10/1996,0.2
02/10/1996,0.2
03/10/1996,0.2
04/10/1996,0.2
05/10/1996,0.19
06/10/1996,0.18
07/10/1996,0.17
08/10/1996,0.17
09/10/1996,0.17
10/10/1996,0.16
11/10/1996,0.15
12/10/1996,0.15
13/10/1996,0.15
14/10/1996,0.16
15/10/1996,0.16
16/10/1996,0.16
17/10/1996,0.17
18/10/1996,0.16
19/10/1996,0.16
20/10/1996,0.16
21/10/1996,0.16
22/10/1996,0.16
23/10/1996,0.16
24/10/1996,0.16
25/10/1996,0.16
26/10/1996,0.17
27/10/1996,0.17
28/10/1996,0.17
29/10/1996,0.18
30/10/1996,0.19
31/10/1996,0.2
01/11/1996,0.21
02/11/1996,0.25
03/11/1996,0.26
04/11/1996,0.27
05/11/1996,0.33
06/11/1996,0.41
07/11/1996,0.55
08/11/1996,0.83
09/11/1996,0.89
10/11/1996,0.96
11/11/1996,1.02
12/11/1996,1.01
13/11/1996,1.33
14/11/1996,2.08
15/11/1996,2.25
16/11/1996,2.51
17/11/1996,2.79
18/11/1996,2.97
19/11/1996,3.34
20/11/1996,4.55
21/11/1996,5.27
22/11/1996,5.66
23/11/1996,5.66
24/11/1996,5.67
25/11/1996,5.69
26/11/1996,5.57
27/11/1996,5.38
28/11/1996,5.2
29/11/1996,5.03
30/11/1996,4.86
01/12/1996,4.68
02/12/1996,4.58
03/12/1996,4.64
04/12/1996,5.25
05/12/1996,6.44
06/12/1996,6.79
07/12/1996,7.29
08/12/1996,7.42
09/12/1996,7.43
10/12/1996,7.45
11/12/1996,7.38
12/12/1996,7.13
13/12/1996,6.94
14/12/1996,6.35
15/12/1996,6.21
16/12/1996,5.82
17/12/1996,5.36
18/12/1996,4.93
19/12/1996,4.6
20/12/1996,4.21
21/12/1996,3.89
22/12/1996,3.67
23/12/1996,3.42
24/12/1996,3.23
25/12/1996,3.02
26/12/1996,2.82
27/12/1996,2.7
28/12/1996,2.55
29/12/1996,2.44
30/12/1996,2.32
31/12/1996,2.21
01/01/1997,2.11
02/01/1997,2.05
03/01/1997,1.98
04/01/1997,1.9
05/01/1997,1.86
06/01/1997,1.8
07/01/1997,1.76
08/01/1997,1.7
09/01/1997,1.65
10/01/1997,1.61
11/01/1997,1.56
12/01/1997,1.52
13/01/1997,1.55
14/01/1997,1.69
15/01/1997,1.98
16/01/1997,2
17/01/1997,1.9
18/01/1997,1.86
19/01/1997,1.82
20/01/1997,1.75
21/01/1997,1.72
22/01/1997,1.68
23/01/1997,1.65
24/01/1997,1.63
25/01/1997,1.59
26/01/1997,1.55
27/01/1997,1.53
28/01/1997,1.51
29/01/1997,1.49
30/01/1997,1.49
31/01/1997,1.47
01/02/1997,1.44
02/02/1997,1.42
03/02/1997,1.39
04/02/1997,1.33
05/02/1997,1.29
06/02/1997,1.27
07/02/1997,1.27
08/02/1997,1.36
09/02/1997,1.34
10/02/1997,1.46
11/02/1997,3.3
12/02/1997,3.97
13/02/1997,2.69
14/02/1997,2.4
15/02/1997,2.41
16/02/1997,2.47
17/02/1997,2.47
18/02/1997,2.44
19/02/1997,2.4
20/02/1997,2.31
21/02/1997,2.34
22/02/1997,2.86
23/02/1997,4.01
24/02/1997,5.91
25/02/1997,7.46
26/02/1997,10.99
27/02/1997,11.41
28/02/1997,10.65
01/03/1997,10.9
02/03/1997,10.9
03/03/1997,11.26
04/03/1997,11.18
05/03/1997,10.62
06/03/1997,10.22
07/03/1997,9.98
08/03/1997,9.72
09/03/1997,9.34
10/03/1997,8.9
11/03/1997,8.46
12/03/1997,8.07
13/03/1997,7.76
14/03/1997,7.64
15/03/1997,7.15
16/03/1997,6.57
17/03/1997,6.07
18/03/1997,5.71
19/03/1997,5.3
20/03/1997,4.92
21/03/1997,4.67
22/03/1997,4.27
23/03/1997,3.88
24/03/1997,3.71
25/03/1997,3.49
26/03/1997,3.36
27/03/1997,3.61
28/03/1997,4.37
29/03/1997,4.18
30/03/1997,4.04
31/03/1997,3.96
01/04/1997,4.1
02/04/1997,4.36
03/04/1997,4.57
04/04/1997,4.77
05/04/1997,4.56
06/04/1997,4.41
07/04/1997,4.04
08/04/1997,3.89
09/04/1997,3.74
10/04/1997,3.73
11/04/1997,3.92
12/04/1997,3.68
13/04/1997,3.5
14/04/1997,3.46
15/04/1997,3.58
16/04/1997,3.36
17/04/1997,3.31
18/04/1997,3.29
19/04/1997,3.28
20/04/1997,3.21
21/04/1997,3.06
22/04/1997,3.02
23/04/1997,2.87
24/04/1997,2.58
25/04/1997,2.44
26/04/1997,2.29
27/04/1997,2.2
28/04/1997,2.18
29/04/1997,2.27
30/04/1997,2.88
01/05/1997,3.26
02/05/1997,3.35
03/05/1997,3.25
04/05/1997,3.31
05/05/1997,3.22
06/05/1997,3.21
07/05/1997,3.27
08/05/1997,3.41
09/05/1997,3.55
10/05/1997,5.7
11/05/1997,9.55
12/05/1997,9.69
13/05/1997,9.74
14/05/1997,9.61
15/05/1997,9.25
16/05/1997,8.83
17/05/1997,8.36
18/05/1997,7.95
19/05/1997,7.76
20/05/1997,7.37
21/05/1997,6.89
22/05/1997,6.51
23/05/1997,6.07
24/05/1997,5.72
25/05/1997,5.45
26/05/1997,5.15
27/05/1997,4.9
28/05/1997,4.75
29/05/1997,4.53
30/05/1997,4.34
31/05/1997,4.08
01/06/1997,3.87
02/06/1997,3.66
03/06/1997,3.37
04/06/1997,3.1
05/06/1997,2.87
06/06/1997,2.68
07/06/1997,2.5
08/06/1997,2.33
09/06/1997,2.07
10/06/1997,1.87
11/06/1997,1.69
12/06/1997,1.5
13/06/1997,1.35
14/06/1997,1.37
15/06/1997,1.42
16/06/1997,1.53
17/06/1997,2.84
18/06/1997,4.59
19/06/1997,5.15
20/06/1997,5.23
21/06/1997,5.17
22/06/1997,5
23/06/1997,4.89
24/06/1997,4.62
25/06/1997,4.35
26/06/1997,4.13
27/06/1997,3.93
28/06/1997,3.73
29/06/1997,3.5
30/06/1997,3.3
01/07/1997,3.03
02/07/1997,2.84
03/07/1997,2.72
04/07/1997,2.48
05/07/1997,2.34
06/07/1997,2.21
07/07/1997,2.12
08/07/1997,1.95
09/07/1997,1.82
10/07/1997,1.63
11/07/1997,1.49
12/07/1997,1.37
13/07/1997,1.28
14/07/1997,1.24
15/07/1997,1.18
16/07/1997,1.12
17/07/1997,1.08
18/07/1997,1.1
19/07/1997,1.02
20/07/1997,1
21/07/1997,0.96
22/07/1997,0.9
23/07/1997,0.87
24/07/1997,0.77
25/07/1997,0.88
26/07/1997,0.93
27/07/1997,0.99
28/07/1997,1.01
29/07/1997,1.1
30/07/1997,1.16
31/07/1997,1.16
01/08/1997,1.1
02/08/1997,1.05
03/08/1997,1.04
04/08/1997,1.01
05/08/1997,0.97
06/08/1997,0.89
07/08/1997,0.81
08/08/1997,0.75
09/08/1997,0.7
10/08/1997,0.64
11/08/1997,0.6
12/08/1997,0.56
13/08/1997,0.53
14/08/1997,0.52
15/08/1997,0.48
16/08/1997,0.43
17/08/1997,0.41
18/08/1997,0.6
19/08/1997,0.47
20/08/1997,0.44
21/08/1997,0.4
22/08/1997,0.35
23/08/1997,0.34
24/08/1997,0.33
25/08/1997,0.32
26/08/1997,0.33
27/08/1997,0.32
28/08/1997,0.32
29/08/1997,0.31
30/08/1997,0.29
31/08/1997,0.29
01/09/1997,0.32
02/09/1997,0.36
03/09/1997,0.38
04/09/1997,0.53
05/09/1997,0.69
06/09/1997,0.78
07/09/1997,0.91
08/09/1997,1.01
09/09/1997,1.06
10/09/1997,1.08
11/09/1997,1.06
12/09/1997,0.95
13/09/1997,0.94
14/09/1997,0.91
15/09/1997,0.85
16/09/1997,0.74
17/09/1997,0.71
18/09/1997,0.69
19/09/1997,0.62
20/09/1997,0.57
21/09/1997,0.52
22/09/1997,0.48
23/09/1997,0.46
24/09/1997,0.43
25/09/1997,0.4
26/09/1997,0.38
27/09/1997,0.37
28/09/1997,0.36
29/09/1997,0.34
30/09/1997,0.33
01/10/1997,0.36
02/10/1997,0.44
03/10/1997,0.66
04/10/1997,0.57
05/10/1997,0.66
06/10/1997,0.83
07/10/1997,1.04
08/10/1997,1.19
09/10/1997,1.32
10/10/1997,1.4
11/10/1997,1.49
12/10/1997,1.52
13/10/1997,1.53
14/10/1997,1.53
15/10/1997,1.55
16/10/1997,1.61
17/10/1997,1.7
18/10/1997,1.79
19/10/1997,1.79
20/10/1997,1.9
21/10/1997,2
22/10/1997,2.1
23/10/1997,2.26
24/10/1997,2.3
25/10/1997,2.33
26/10/1997,2.29
27/10/1997,2.23
28/10/1997,2.13
29/10/1997,2.04
30/10/1997,1.97
31/10/1997,1.87
01/11/1997,1.85
02/11/1997,1.84
03/11/1997,1.76
04/11/1997,1.68
05/11/1997,1.68
06/11/1997,1.77
07/11/1997,1.83
08/11/1997,1.93
09/11/1997,1.99
10/11/1997,2.11
11/11/1997,2.29
12/11/1997,2.43
13/11/1997,2.81
14/11/1997,4.23
15/11/1997,4.7
16/11/1997,4.86
17/11/1997,4.95
18/11/1997,4.98
19/11/1997,4.98
20/11/1997,4.96
21/11/1997,4.92
22/11/1997,4.81
23/11/1997,4.64
24/11/1997,4.55
25/11/1997,4.45
26/11/1997,4.31
27/11/1997,4.1
28/11/1997,3.9
29/11/1997,3.74
30/11/1997,3.57
01/12/1997,3.45
02/12/1997,3.39
03/12/1997,3.39
04/12/1997,3.32
05/12/1997,3.19
06/12/1997,3.15
07/12/1997,3.09
08/12/1997,3.1
09/12/1997,3.35
10/12/1997,4.62
11/12/1997,5.66
12/12/1997,5.96
13/12/1997,5.99
14/12/1997,5.99
15/12/1997,5.99
16/12/1997,5.96
17/12/1997,5.83
18/12/1997,5.73
19/12/1997,5.56
20/12/1997,5.37
21/12/1997,5.12
22/12/1997,4.93
23/12/1997,4.73
24/12/1997,4.51
25/12/1997,4.38
26/12/1997,4.42
27/12/1997,5.16
28/12/1997,5.39
29/12/1997,5.37
30/12/1997,5.35
31/12/1997,5.5
01/01/1998,7.55
02/01/1998,8.84
03/01/1998,9.48
04/01/1998,10.3
05/01/1998,11.74
06/01/1998,12.22
07/01/1998,12.37
08/01/1998,12.27
09/01/1998,12.12
10/01/1998,11.81
11/01/1998,11.71
12/01/1998,11.63
13/01/1998,11.4
14/01/1998,11.14
15/01/1998,10.89
16/01/1998,10.73
17/01/1998,10.6
18/01/1998,10.48
19/01/1998,10.4
20/01/1998,9.87
21/01/1998,8.38
22/01/1998,7.91
23/01/1998,7.91
24/01/1998,7.67
25/01/1998,7.37
26/01/1998,7.04
27/01/1998,6.78
28/01/1998,6.58
29/01/1998,6.33
30/01/1998,5.79
31/01/1998,4.61
01/02/1998,4.94
02/02/1998,4.73
03/02/1998,4.53
04/02/1998,4.3
05/02/1998,4.17
06/02/1998,4
07/02/1998,3.87
08/02/1998,3.99
09/02/1998,4.35
10/02/1998,7.63
11/02/1998,11.48
12/02/1998,12.71
13/02/1998,13.11
14/02/1998,13.35
15/02/1998,13.44
16/02/1998,13.35
17/02/1998,12.97
18/02/1998,12.72
19/02/1998,13.08
20/02/1998,14.09
21/02/1998,15.07
22/02/1998,16.12
23/02/1998,16.54
24/02/1998,16.77
25/02/1998,16.62
26/02/1998,16.38
27/02/1998,16.15
28/02/1998,15.93
01/03/1998,15.33
02/03/1998,14.44
03/03/1998,13.87
04/03/1998,13.09
05/03/1998,12.2
06/03/1998,11.08
07/03/1998,10.07
08/03/1998,9.74
09/03/1998,8.82
10/03/1998,8.14
11/03/1998,7.64
12/03/1998,7.22
13/03/1998,6.63
14/03/1998,6.21
15/03/1998,5.7
16/03/1998,5.66
17/03/1998,5.85
18/03/1998,7.1
19/03/1998,7.67
20/03/1998,7.44
21/03/1998,7.15
22/03/1998,6.88
23/03/1998,6.52
24/03/1998,6.28
25/03/1998,6.08
26/03/1998,5.84
27/03/1998,5.73
28/03/1998,5.71
29/03/1998,5.69
30/03/1998,5.7
31/03/1998,6.08
01/04/1998,6.37
02/04/1998,6.15
03/04/1998,5.9
04/04/1998,5.71
05/04/1998,5.53
06/04/1998,5.32
07/04/1998,5.14
08/04/1998,4.95
09/04/1998,4.74
10/04/1998,4.49
11/04/1998,4.34
12/04/1998,4.17
13/04/1998,4
14/04/1998,3.82
15/04/1998,3.72
16/04/1998,3.63
17/04/1998,3.77
18/04/1998,4.11
19/04/1998,4.24
20/04/1998,4.38
21/04/1998,4.59
22/04/1998,4.73
23/04/1998,4.8
24/04/1998,4.88
25/04/1998,5.03
26/04/1998,5.03
27/04/1998,5.1
28/04/1998,5.62
29/04/1998,5.97
30/04/1998,5.85
01/05/1998,5.72
02/05/1998,5.55
03/05/1998,5.58
04/05/1998,6.14
05/05/1998,6.5
06/05/1998,7.99
07/05/1998,7.82
08/05/1998,7.72
09/05/1998,7.36
10/05/1998,7.34
11/05/1998,7.37
12/05/1998,6.98
13/05/1998,6.47
14/05/1998,6.06
15/05/1998,5.74
16/05/1998,5.36
17/05/1998,5.03
18/05/1998,4.64
19/05/1998,4.24
20/05/1998,4.01
21/05/1998,3.74
22/05/1998,3.67
23/05/1998,3.5
24/05/1998,3.31
25/05/1998,3.08
26/05/1998,2.99
27/05/1998,2.84
28/05/1998,2.6
29/05/1998,2.26
30/05/1998,2.07
31/05/1998,1.87
01/06/1998,1.84
02/06/1998,1.95
03/06/1998,2.06
04/06/1998,2.53
05/06/1998,2.65
06/06/1998,2.51
07/06/1998,2.43
08/06/1998,2.5
09/06/1998,2.54
10/06/1998,2.53
11/06/1998,2.52
12/06/1998,2.51
13/06/1998,2.37
14/06/1998,2.27
15/06/1998,2.19
16/06/1998,2.22
17/06/1998,2.22
18/06/1998,2.39
19/06/1998,2.79
20/06/1998,3.02
21/06/1998,3.13
22/06/1998,3.18
23/06/1998,3.11
24/06/1998,3.09
25/06/1998,3.02
26/06/1998,2.87
27/06/1998,2.78
28/06/1998,2.6
29/06/1998,2.49
30/06/1998,2.52
01/07/1998,2.51
02/07/1998,2.51
03/07/1998,2.49
04/07/1998,2.48
05/07/1998,2.45
06/07/1998,2.5
07/07/1998,2.8
08/07/1998,3.38
09/07/1998,5.02
10/07/1998,4.1
11/07/1998,3.98
12/07/1998,4.35
13/07/1998,4.51
14/07/1998,4.25
15/07/1998,4.17
16/07/1998,4.44
17/07/1998,4.44
18/07/1998,4.36
19/07/1998,4.31
20/07/1998,4.26
21/07/1998,4.17
22/07/1998,4.14
23/07/1998,4.02
24/07/1998,3.98
25/07/1998,4.02
26/07/1998,3.86
27/07/1998,3.82
28/07/1998,3.69
29/07/1998,3.52
30/07/1998,3.39
31/07/1998,3.28
01/08/1998,3.2
02/08/1998,3.06
03/08/1998,2.91
04/08/1998,2.8
05/08/1998,2.78
06/08/1998,2.57
07/08/1998,2.43
08/08/1998,2.4
09/08/1998,2.27
10/08/1998,2.16
11/08/1998,2.07
12/08/1998,1.99
13/08/1998,1.92
14/08/1998,1.92
15/08/1998,1.92
16/08/1998,1.87
17/08/1998,1.82
18/08/1998,1.76
19/08/1998,1.68
20/08/1998,1.59
21/08/1998,1.54
22/08/1998,1.54
23/08/1998,1.54
24/08/1998,1.59
25/08/1998,1.66
26/08/1998,1.71
27/08/1998,1.81
28/08/1998,1.78
29/08/1998,1.76
30/08/1998,1.72
31/08/1998,1.72
01/09/1998,1.76
02/09/1998,1.76
03/09/1998,1.76
04/09/1998,1.77
05/09/1998,1.74
06/09/1998,1.71
07/09/1998,1.66
08/09/1998,1.62
09/09/1998,1.62
10/09/1998,1.57
11/09/1998,1.59
12/09/1998,1.67
13/09/1998,1.71
14/09/1998,1.73
15/09/1998,1.73
16/09/1998,1.75
17/09/1998,1.84
18/09/1998,2.65
19/09/1998,2.97
20/09/1998,2.88
21/09/1998,2.72
22/09/1998,2.68
23/09/1998,2.58
24/09/1998,2.34
25/09/1998,2.12
26/09/1998,2
27/09/1998,1.92
28/09/1998,1.9
29/09/1998,1.86
30/09/1998,1.85
01/10/1998,1.81
02/10/1998,1.79
03/10/1998,1.77
04/10/1998,1.75
05/10/1998,1.71
06/10/1998,1.72
07/10/1998,1.66
08/10/1998,1.62
09/10/1998,1.6
10/10/1998,1.57
11/10/1998,1.57
12/10/1998,1.58
13/10/1998,1.68
14/10/1998,1.74
15/10/1998,1.79
16/10/1998,1.79
17/10/1998,1.88
18/10/1998,2.94
19/10/1998,3.49
20/10/1998,3.59
21/10/1998,3.64
22/10/1998,3.65
23/10/1998,3.75
24/10/1998,3.93
25/10/1998,4.07
26/10/1998,4.47
27/10/1998,4.66
28/10/1998,5.98
29/10/1998,6.8
30/10/1998,7.66
31/10/1998,7.69
01/11/1998,7.69
02/11/1998,7.69
03/11/1998,8.98
04/11/1998,9.87
05/11/1998,9.89
06/11/1998,9.82
07/11/1998,9.67
08/11/1998,9.46
09/11/1998,9.1
10/11/1998,8.73
11/11/1998,8.41
12/11/1998,7.95
13/11/1998,7.44
14/11/1998,7.13
15/11/1998,6.84
16/11/1998,6.52
17/11/1998,6.19
18/11/1998,5.92
19/11/1998,5.53
20/11/1998,5.3
21/11/1998,4.93
22/11/1998,4.69
23/11/1998,4.47
24/11/1998,4.27
25/11/1998,4.11
26/11/1998,3.98
27/11/1998,3.84
28/11/1998,3.72
29/11/1998,3.61
30/11/1998,3.51
01/12/1998,3.35
02/12/1998,3.19
03/12/1998,3.54
04/12/1998,4.19
05/12/1998,4.25
06/12/1998,4.26
07/12/1998,3.82
08/12/1998,3.8
09/12/1998,3.99
10/12/1998,3.85
11/12/1998,3.84
12/12/1998,3.83
13/12/1998,3.82
14/12/1998,3.81
15/12/1998,4.31
16/12/1998,5.77
17/12/1998,6.73
18/12/1998,13.2
19/12/1998,14.29
20/12/1998,13.67
21/12/1998,13.33
22/12/1998,12.78
23/12/1998,12.63
24/12/1998,12.39
25/12/1998,12.07
26/12/1998,12.44
27/12/1998,14.11
28/12/1998,16.49
29/12/1998,16.6
30/12/1998,16.27
31/12/1998,15.91
01/01/1999,15.5
02/01/1999,15.01
03/01/1999,14.46
04/01/1999,13.9
05/01/1999,14.06
06/01/1999,14.28
07/01/1999,13.93
08/01/1999,13.25
09/01/1999,12.76
10/01/1999,12.08
11/01/1999,11.74
12/01/1999,11.51
13/01/1999,11.24
14/01/1999,10.74
15/01/1999,10.29
16/01/1999,9.38
17/01/1999,10.38
18/01/1999,9.87
19/01/1999,9.68
20/01/1999,11.62
21/01/1999,13.78
22/01/1999,14.39
23/01/1999,14.22
24/01/1999,15.12
25/01/1999,16.59
26/01/1999,17.14
27/01/1999,16.22
28/01/1999,15.59
29/01/1999,15.04
30/01/1999,14.42
31/01/1999,13.39
01/02/1999,12.24
02/02/1999,11.31
03/02/1999,10.9
04/02/1999,10.61
05/02/1999,9.62
06/02/1999,7.91
07/02/1999,10.12
08/02/1999,9.7
09/02/1999,8.98
10/02/1999,8.37
11/02/1999,7.88
12/02/1999,7.38
13/02/1999,6.9
14/02/1999,6.48
15/02/1999,6.19
16/02/1999,6.4
17/02/1999,6.51
18/02/1999,6.26
19/02/1999,5.78
20/02/1999,5.57
21/02/1999,5.26
22/02/1999,4.98
23/02/1999,4.75
24/02/1999,3.94
25/02/1999,3.64
26/02/1999,3.83
27/02/1999,3.75
28/02/1999,3.62
01/03/1999,3.62
02/03/1999,3.94
03/03/1999,3.96
04/03/1999,3.96
05/03/1999,3.96
06/03/1999,4.14
07/03/1999,5.83
08/03/1999,7.58
09/03/1999,7.37
10/03/1999,7.07
11/03/1999,6.87
12/03/1999,6.84
13/03/1999,6.54
14/03/1999,6.41
15/03/1999,6.21
16/03/1999,5.96
17/03/1999,5.86
18/03/1999,5.77
19/03/1999,6.49
20/03/1999,8.42
21/03/1999,8.3
22/03/1999,9.65
23/03/1999,13.89
24/03/1999,14
25/03/1999,14.74
26/03/1999,16.12
27/03/1999,17.76
28/03/1999,21.21
29/03/1999,23.57
30/03/1999,24.66
31/03/1999,25.65
01/04/1999,26.54
02/04/1999,26.75
03/04/1999,26.22
04/04/1999,25.12
05/04/1999,23.33
06/04/1999,21.43
07/04/1999,20.47
08/04/1999,20.42
09/04/1999,19.45
10/04/1999,18.45
11/04/1999,17.41
12/04/1999,16.54
13/04/1999,15.73
14/04/1999,15.88
15/04/1999,16.23
16/04/1999,15.67
17/04/1999,15.27
18/04/1999,23.53
19/04/1999,29.62
20/04/1999,30.96
21/04/1999,30.8
22/04/1999,29.4
23/04/1999,27.51
24/04/1999,24.93
25/04/1999,21.98
26/04/1999,19.1
27/04/1999,16.84
28/04/1999,15.11
29/04/1999,13.96
30/04/1999,13.01
01/05/1999,12.05
02/05/1999,11.27
03/05/1999,10.52
04/05/1999,9.81
05/05/1999,9.23
06/05/1999,8.61
07/05/1999,8.03
08/05/1999,7.45
09/05/1999,6.89
10/05/1999,6.68
11/05/1999,6.59
12/05/1999,6.29
13/05/1999,5.9
14/05/1999,5.55
15/05/1999,5.2
16/05/1999,4.9
17/05/1999,4.65
18/05/1999,4.07
19/05/1999,4.02
20/05/1999,3.68
21/05/1999,3.22
22/05/1999,2.8
23/05/1999,2.6
24/05/1999,2.35
25/05/1999,2.26
26/05/1999,2.12
27/05/1999,2.02
28/05/1999,1.95
29/05/1999,1.86
30/05/1999,1.81
31/05/1999,1.74
01/06/1999,1.66
02/06/1999,1.6
03/06/1999,1.55
04/06/1999,1.45
05/06/1999,1.43
06/06/1999,1.41
07/06/1999,1.39
08/06/1999,1.36
09/06/1999,1.38
10/06/1999,1.31
11/06/1999,1.27
12/06/1999,1.19
13/06/1999,1.2
14/06/1999,1.16
15/06/1999,1.13
16/06/1999,1.09
17/06/1999,1.05
18/06/1999,0.99
19/06/1999,0.93
20/06/1999,0.84
21/06/1999,0.79
22/06/1999,0.77
23/06/1999,0.81
24/06/1999,0.92
25/06/1999,0.99
26/06/1999,0.98
27/06/1999,0.96
28/06/1999,0.9
29/06/1999,0.83
30/06/1999,0.81
01/07/1999,0.75
02/07/1999,0.71
03/07/1999,0.7
04/07/1999,0.67
05/07/1999,0.56
06/07/1999,0.56
07/07/1999,0.56
08/07/1999,0.53
09/07/1999,0.52
10/07/1999,0.51
11/07/1999,0.46
12/07/1999,0.41
13/07/1999,0.38
14/07/1999,0.36
15/07/1999,0.31
16/07/1999,0.28
17/07/1999,0.26
18/07/1999,0.24
19/07/1999,0.22
20/07/1999,0.2
21/07/1999,0.2
22/07/1999,0.2
23/07/1999,0.2
24/07/1999,0.2
25/07/1999,0.17
26/07/1999,0.16
27/07/1999,0.16
28/07/1999,0.16
29/07/1999,0.15
30/07/1999,0.14
31/07/1999,0.13
01/08/1999,0.12
02/08/1999,0.12
03/08/1999,0.11
04/08/1999,0.11
05/08/1999,0.11
06/08/1999,0.11
07/08/1999,0.11
08/08/1999,0.11
09/08/1999,0.12
10/08/1999,0.15
11/08/1999,0.14
12/08/1999,0.14
13/08/1999,0.14
14/08/1999,0.14
15/08/1999,0.14
16/08/1999,0.13
17/08/1999,0.12
18/08/1999,0.11
19/08/1999,0.1
20/08/1999,0.09
21/08/1999,0.09
22/08/1999,0.09
23/08/1999,0.09
24/08/1999,0.09
25/08/1999,0.08
26/08/1999,0.08
27/08/1999,0.08
28/08/1999,0.09
29/08/1999,0.09
30/08/1999,0.09
31/08/1999,0.09
01/09/1999,0.09
02/09/1999,0.09
03/09/1999,0.08
04/09/1999,0.08
05/09/1999,0.08
06/09/1999,0.07
07/09/1999,0.07
08/09/1999,0.07
09/09/1999,0.07
10/09/1999,0.07
11/09/1999,0.07
12/09/1999,0.06
13/09/1999,0.06
14/09/1999,0.06
15/09/1999,0.06
16/09/1999,0.06
17/09/1999,0.06
18/09/1999,0.06
19/09/1999,0.06
20/09/1999,0.06
21/09/1999,0.06
22/09/1999,0.06
23/09/1999,0.08
24/09/1999,0.08
25/09/1999,0.08
26/09/1999,0.08
27/09/1999,0.08
28/09/1999,0.1
29/09/1999,0.12
30/09/1999,0.14
01/10/1999,0.16
02/10/1999,0.18
03/10/1999,0.2
04/10/1999,0.22
05/10/1999,0.23
06/10/1999,0.24
07/10/1999,0.23
08/10/1999,0.23
09/10/1999,0.2
10/10/1999,0.19
11/10/1999,0.18
12/10/1999,0.2
13/10/1999,0.19
14/10/1999,0.16
15/10/1999,0.15
16/10/1999,0.15
17/10/1999,0.15
18/10/1999,0.14
19/10/1999,0.15
20/10/1999,0.14
21/10/1999,0.14
22/10/1999,0.13
23/10/1999,0.14
24/10/1999,0.18
25/10/1999,0.18
26/10/1999,0.18
27/10/1999,0.18
28/10/1999,0.19
29/10/1999,0.2
30/10/1999,0.19
31/10/1999,0.19
01/11/1999,0.2
02/11/1999,0.2
03/11/1999,0.2
04/11/1999,0.21
05/11/1999,0.21
06/11/1999,0.21
07/11/1999,0.21
08/11/1999,0.21
09/11/1999,0.21
10/11/1999,0.2
11/11/1999,0.2
12/11/1999,0.2
13/11/1999,0.2
14/11/1999,0.19
15/11/1999,0.2
16/11/1999,0.2
17/11/1999,0.2
18/11/1999,0.2
19/11/1999,0.2
20/11/1999,0.2
21/11/1999,0.2
22/11/1999,0.2
23/11/1999,0.2
24/11/1999,0.2
25/11/1999,0.2
26/11/1999,0.21
27/11/1999,0.22
28/11/1999,0.23
29/11/1999,0.23
30/11/1999,0.26
01/12/1999,0.24
02/12/1999,0.24
03/12/1999,0.24
04/12/1999,0.25
05/12/1999,0.25
06/12/1999,0.22
07/12/1999,0.23
08/12/1999,0.24
09/12/1999,0.26
10/12/1999,0.32
11/12/1999,0.42
12/12/1999,0.6
13/12/1999,1.01
14/12/1999,1.32
15/12/1999,1.56
16/12/1999,1.6
17/12/1999,1.58
18/12/1999,1.69
19/12/1999,1.82
20/12/1999,1.94
21/12/1999,1.94
22/12/1999,1.94
23/12/1999,1.91
24/12/1999,2.03
25/12/1999,3.28
26/12/1999,7.55
27/12/1999,8.47
28/12/1999,9.09
29/12/1999,9.4
30/12/1999,9.48
31/12/1999,9.28
